metric,fold,avg
mcc,"[0.03153273430700424, 0.049719280873837486, 0.049719280873837486, 0.05199506705014585, 0.03774032782334634, 0.04444534709012873, 0.05035927782326121, 0.05310436964768987, 0.056790846656476955, 0.04885957028229565]",0.047426610242802376
f1,"[0.10378681626928471, 0.07965860597439545, 0.07965860597439545, 0.15803814713896455, 0.046376811594202906, 0.06321839080459771, 0.07977207977207976, 0.08794326241134752, 0.10140845070422534, 0.07703281027104138]",0.08768939809145347
accuracy,"[0.10754189944134078, 0.09636871508379888, 0.09636871508379888, 0.13687150837988826, 0.08100558659217877, 0.0893854748603352, 0.09776536312849161, 0.10195530726256984, 0.1076923076923077, 0.0951048951048951]",0.10100597726296053
precision,"[0.9736842105263158, 1.0, 1.0, 0.9830508474576272, 1.0, 1.0, 1.0, 1.0, 1.0, 1.0]",0.9956735057983943
recall,"[0.054814814814814816, 0.04148148148148148, 0.04148148148148148, 0.08592592592592592, 0.02373887240356083, 0.032640949554896145, 0.04154302670623145, 0.04599406528189911, 0.05341246290801187, 0.040059347181008904]",0.046109242773931206
