metric,fold,avg
mcc,"[0.5425523983316627, 0.6340533751084791, 0.6220468625625334, 0.6590957174063434, 0.6799892714397138, 0.6469675461039274, 0.6611164958941679, 0.6788016646492387, 0.6220241770324998, 0.595094979647849]",0.6341742488176415
f1,"[0.9780380673499269, 0.9824817518248176, 0.9817117776152158, 0.9831501831501832, 0.9838945827232796, 0.9824304538799414, 0.9831994156318481, 0.9839181286549709, 0.9816849816849816, 0.9810218978102191]",0.9821531240325385
accuracy,"[0.9581005586592178, 0.9664804469273743, 0.9650837988826816, 0.9678770949720671, 0.9692737430167597, 0.9664804469273743, 0.9678770949720671, 0.9692737430167597, 0.965034965034965, 0.9636363636363636]",0.9659118256045629
precision,"[0.9667149059334298, 0.9683453237410072, 0.9696531791907514, 0.972463768115942, 0.9710982658959537, 0.9696531791907514, 0.9683453237410072, 0.9697406340057637, 0.9696092619392185, 0.9655172413793104]",0.9691141083133135
recall,"[0.9896296296296296, 0.997037037037037, 0.9940740740740741, 0.9940740740740741, 0.9970326409495549, 0.9955489614243324, 0.9985163204747775, 0.9985163204747775, 0.9940652818991098, 0.9970326409495549]",0.9955526980986923
