metric,fold,avg
mcc,"[0.7510227083237112, 0.7419907619851602, 0.786053579069126, 0.7590398354248071, 0.8207562360418702, 0.796761806849826, 0.80897393913778, 0.7984371526766602, 0.7509982105382699, 0.7880192508134749]",0.7802053480860686
f1,"[0.9804216867469879, 0.981245311327832, 0.9842460615153789, 0.9803921568627451, 0.9872659176029962, 0.9834087481146305, 0.9873039581777445, 0.9857677902621722, 0.9803921568627452, 0.9857890800299177]",0.983623286750315
accuracy,"[0.9636871508379888, 0.9650837988826816, 0.9706703910614525, 0.9636871508379888, 0.9762569832402235, 0.9692737430167597, 0.9762569832402235, 0.973463687150838, 0.9636363636363636, 0.9734265734265735]",0.9695442825331092
precision,"[0.996937212863706, 0.993920972644377, 0.9969604863221885, 0.9984639016897081, 0.9969742813918305, 1.0, 0.9939849624060151, 0.9954614220877458, 0.9969325153374233, 0.9939668174962293]",0.9963602572239223
recall,"[0.9644444444444444, 0.9688888888888889, 0.9718518518518519, 0.9629629629629629, 0.9777448071216617, 0.9673590504451038, 0.9807121661721068, 0.9762611275964391, 0.9643916913946587, 0.9777448071216617]",0.971236179799978
