metric,fold,avg
mcc,"[0.056414806724633504, 0.08985063398533595, 0.07453559924999298, 0.015382194856004044, 0.05404485983747954, 0.07954446887812468, 0.08217268123917172, 0.07534258429271061, 0.07545774631390825, 0.07930706513241557]",0.06820526405097768
f1,"[0.22774869109947643, 0.22134387351778656, 0.163265306122449, 0.25192802056555275, 0.16076294277929157, 0.1783783783783784, 0.18817204301075272, 0.22834645669291334, 0.2329842931937173, 0.18083670715249664]",0.2033766712512815
accuracy,"[0.17597765363128492, 0.17458100558659218, 0.14106145251396648, 0.1871508379888268, 0.13966480446927373, 0.15083798882681565, 0.1564245810055866, 0.1787709497206704, 0.18041958041958042, 0.15104895104895105]",0.16359378052115484
precision,"[0.9775280898876404, 1.0, 1.0, 0.9514563106796117, 0.9833333333333333, 1.0, 1.0, 0.9886363636363636, 0.9888888888888889, 1.0]",0.9889842986425839
recall,"[0.1288888888888889, 0.12444444444444444, 0.08888888888888889, 0.1451851851851852, 0.08753709198813056, 0.09792284866468842, 0.10385756676557864, 0.129080118694362, 0.13204747774480713, 0.09940652818991098]",0.11372590394548851
